text_length_bin,helpful_rate,avg_helpful_votes,avg_text_length,review_count
very_short,0.09794076205744556,0.1727511936709302,25.451205122205018,803404
short,0.16878344462821235,0.36099551325803364,92.05840146177496,934754
medium,0.2779337694667979,0.7834729677200586,209.3450141012811,483644
long,0.40174910569738914,1.4704727147299845,378.02514617605664,179749
very_long,0.5029039135442449,2.557600411694072,661.2116181047369,81614
extremely_long,0.597276921345786,4.893946213570383,1458.2855856869585,17774
