rating,helpful_rate,avg_helpful_votes,review_count
1.0,0.23161652016571582,0.6134088744310523,303411
2.0,0.21210985691390621,0.5112128304758391,173462
3.0,0.2095522485344501,0.5146351300153582,245471
4.0,0.21461029100806922,0.6255155012247146,352327
5.0,0.18273704521169934,0.5564767631328754,1426268
