has_images,helpful_rate,avg_helpful_votes,review_count
Text Only,0.17994091851839195,0.4161536374840602,2340835
With Photos,0.45932643781542,2.7547281766851546,160104
