review_year,avg_rating,review_count
2013,4.1242160278745645,22960
2014,4.094099311223207,59671
2015,4.100272292484259,128171
2016,4.059310058187863,288720
2017,3.988411246120497,371826
2018,3.971597530737345,369827
2019,3.9997646505060014,412153
2020,3.979875213505398,312053
2021,3.8230535992792722,309687
2022,3.777280776395373,173932
2023,3.921130289532294,35920
